{"num_of_examples": 1200, "train_loss": 0.10772535234689712, "_timestamp": 1715972506.8289073, "_runtime": 29.816169261932373, "_step": 3, "_wandb": {"runtime": 31}}